td,od,REBIDEXPLANATION,REBID_CATEGORY,episode_id
2024-03-27,2024-03-25T10:34:10Z,Daily Bid - Ambient Temp SL,P,337
2024-03-27,2024-03-26T01:07:39Z,Daily Bid SL,F,337
2024-03-27,2024-03-26T07:12:12Z,AEMO direction - RTS profile 1MW/min ROC req SL,A,337
2024-03-27,2024-03-26T21:47:14Z,Change in avail - Unit RTS profile Revised SL,P,337
2024-03-27,2024-03-26T22:42:27Z,Change in avail - Unit RTS profile Revised - ROC adjustment 5 MW/Min SL,P,337
2024-03-27,2024-03-26T22:46:04Z,Correct bid - P Plant conditions - ROC Adjusted - 5MW/MIN ROC - Unit RTS profile Revised SL,E,337
2024-03-27,2024-03-27T01:43:47Z,AEMO direction revised SL,A,337
2024-03-27,2024-03-27T06:26:33Z,Correct bid - direction bid amended SL,E,337
2024-03-28,2024-03-25T10:34:29Z,Daily Bid - Ambient Temp SL,P,337
2024-03-28,2024-03-26T09:45:04Z,Daily Bid - Forecast Ambient Conditions SL,P,337
2024-03-28,2024-03-26T23:35:48Z,Daily Bid SL,P,337
2024-03-28,2024-03-27T01:43:48Z,AEMO direction revised SL,A,337
2024-03-28,2024-03-27T06:26:12Z,Correct bid - direction bid amended SL,E,337
2024-03-28,2024-03-28T01:07:37Z,AEMO direction SL,A,337
2024-03-28,2024-03-28T05:25:32Z,Constraint management - V_S_NIL_ROCOF SL,A,337
2024-03-28,2024-03-28T06:46:57Z,Plant conditions - ambient temp SL,P,337
2024-03-28,2024-03-28T07:32:33Z,Change in avail - ambient conditions SL,P,337
2024-03-29,2024-03-25T10:34:14Z,Daily Bid - Ambient Temp SL,P,337
2024-03-29,2024-03-26T09:45:15Z,Daily Bid - Forecast Ambient Conditions SL,P,337
2024-03-29,2024-03-27T08:26:28Z,Daily Bid SL,P,337
2024-03-29,2024-03-27T22:57:40Z,Daily Bid SL,F,337
2024-03-29,2024-03-28T05:01:08Z,AEMO direction - ROC Adjusted 2MW/min req for unit RTS - SL,A,337
2024-03-29,2024-03-28T05:30:51Z,AEMO direction - ROC Adjusted 2MW/min req for unit RTS - SL,A,337
2023-11-28,2023-11-26T23:20:52Z,Initial Offer,F,524
2023-11-28,2023-11-27T01:46:56Z,Initial Offer,F,524
2023-11-28,2023-11-27T04:23:40Z,Revised Tolling Nomination #4377- SL,F,524
2023-11-28,2023-11-27T23:01:23Z,Unit Direction: Participant Notice #111783,A,524
2023-11-28,2023-11-28T00:01:45Z,Unit Direction: Participant Notice #111786. SL,A,524
2023-11-28,2023-11-28T00:28:53Z,Update Avail: match current levels. SL,P,524
2023-11-28,2023-11-28T00:59:41Z,Unit Direction: Participant Notice #111788,A,524
2023-11-28,2023-11-28T01:21:51Z,Unit Direction: Participant Notice #111789,A,524
2024-01-04,2024-01-02T00:33:35Z,Initial Offer,F,525
2024-01-04,2024-01-02T02:50:57Z,Initial Offer,F,525
2024-01-04,2024-01-03T01:13:15Z,Initial Offer,F,525
2024-01-04,2024-01-03T01:22:04Z,Initial Offer,F,525
2024-01-04,2024-01-03T01:56:41Z,Initial Offer,F,525
2024-01-04,2024-01-03T02:57:21Z,Revised Tolling Nomination #4453- SL,F,525
2024-01-04,2024-01-03T03:31:20Z,Primary Response to Predispatch D+1 - SL,A,525
2024-01-04,2024-01-03T04:38:32Z,Update FCAS: Reflect technical characteristics. SL.,P,525
2024-01-04,2024-01-03T22:36:19Z,Constraint Management: V_S_NIL_ROCOF - SL,A,525
2024-03-23,2024-03-21T01:27:57Z,Initial Offer,F,526
2024-03-23,2024-03-21T20:20:20Z,Initial Offer,F,526
2024-03-23,2024-03-21T20:20:53Z,Initial Offer,F,526
2024-03-23,2024-03-22T07:41:45Z,Unit Direction: Participant Notice #115741. SL.,A,526
2024-03-23,2024-03-22T12:23:58Z,Update Avail: match current levels. SL.,P,526
2024-03-23,2024-03-23T03:36:35Z,Unit Direction: Participant Notice #115745 and #115746 . SL,A,526
2024-03-24,2024-03-21T01:36:02Z,Initial Offer,F,526
2024-03-24,2024-03-21T20:22:03Z,Initial Offer,F,526
2024-03-24,2024-03-22T21:47:09Z,Initial Offer,F,526
2024-03-24,2024-03-23T01:48:11Z,Initial Offer,F,526
2024-09-23,2024-09-20T20:53:43Z,Initial Offer,F,533
2024-09-23,2024-09-22T02:29:42Z,Initial Offer,F,533
2024-09-23,2024-09-22T03:35:47Z,Primary Response to Predispatch D+1 - SL,A,533
2024-09-23,2024-09-22T16:56:30Z,Constraint Management: S_PPT+SNPT+BLVR_220 - SL,A,533
2024-09-23,2024-09-22T23:37:27Z,Constraint Management: S_PPT+SNPT+BLVR_220.. SL,A,533
2024-10-27,2024-10-26T03:23:49Z,Unit Commissioning GT12 - SL,P,536
2024-10-27,2024-10-25T21:48:13Z,Initial Offer,F,536
2024-10-27,2024-10-26T03:50:31Z,Primary Response to Predispatch D+1 - SL,A,536
2024-10-27,2024-10-26T04:00:31Z,Update Shutdown Profile - ROC for unit shutdown - SL,P,536
2024-10-27,2024-10-26T15:59:08Z,update commissioning profile. SL,P,536
2024-10-27,2024-10-26T16:56:06Z,Update commissioning profile. /sL,P,536
2024-10-27,2024-10-26T18:37:16Z,Updated commissioning profile. SL,P,536
2024-10-27,2024-10-26T21:39:25Z,Update Shut Down Profile - SL,P,536
2024-10-27,2024-10-26T21:47:58Z,Update Shut Down Profile - SL,P,536
2024-10-27,2024-10-26T21:53:57Z,Unit Direction: Participant Notice #119463 - SL,A,536
2024-10-27,2024-10-26T22:39:32Z,Unit Direction: Participant Notice #119466 - SL,A,536
2024-10-27,2024-10-27T02:34:21Z,Update Commissioning Profile for GT12 - Postponed - SL,P,536
2023-11-07,2023-11-06T05:37:19Z,010 AEMO direction~#110854,A,812
2023-11-07,2023-11-07T05:27:00Z,010 AEMO direction~Notice 110874,A,812
2023-11-07,2023-11-07T06:57:49Z,040 Chg in AEMO DISP~44 Price change vs PD [SA] [$-46],A,812
2023-11-08,2023-11-06T23:56:01Z,00 Initial Bid,F,812
2023-11-08,2023-11-07T05:25:48Z,010 AEMO direction~Notice 110874,A,812
2023-11-13,2023-11-11T21:01:55Z,07:01~F~00 Initial Bid,F,817
2023-11-13,2023-11-12T05:27:42Z,15:20~A~010 AEMO direction~#111111,A,817
2023-11-13,2023-11-12T18:32:55Z,050 Chg in AEMO PD~56 Price increase SA 5MPD vs PD 05:00 - 05:30 AVG $181.97 vs 30MPD $108.85 PE 05:30,A,817
2023-11-13,2023-11-13T06:22:25Z,010 AEMO direction~10 updated direction PN #111215,A,817
2023-11-14,2023-11-12T23:27:51Z,09:27~F~00 Initial Bid,F,817
2023-12-09,2023-12-07T20:35:48Z,00 Initial Bid,F,818
2023-12-09,2023-12-08T03:52:21Z,001 Primary Response to D+1 Predispatch~P30 Published,F,818
2023-12-09,2023-12-08T06:31:55Z,010 AEMO direction~#112112,A,818
2023-12-09,2023-12-08T22:21:48Z,010 AEMO direction~PN # 112127,A,818
2023-12-10,2023-12-09T01:30:24Z,11:29~F~00 Initial Bid~,F,818
2023-12-10,2023-12-09T05:32:59Z,010 AEMO direction~PN # 112135,A,818
2023-12-11,2023-12-10T01:39:04Z,11:38~F~00 Initial Bid~,F,818
2023-12-11,2023-12-10T03:41:32Z,001 Primary Response to D+1 Predispatch~P30 Published,F,818
2023-12-11,2023-12-10T05:32:35Z,010 AEMO direction~PN #112158,A,818
2023-12-11,2023-12-10T05:35:17Z,010 Unexpected/plant limits~112 redist across portfolio - TORRB2 direction,P,818
2023-12-11,2023-12-11T03:29:31Z,"050 Chg in AEMO PD~50 PD AVAILABLEGENERATION. decrease 'SA1','VIC1','NSW1' by avg. -191MW for PD 13:02 from PE 13:30 to 14:00",A,818
2023-12-11,2023-12-11T04:49:23Z,010 Unexpected/plant limits~113 Availability Statement- FCAS,P,818
2023-12-11,2023-12-11T04:59:24Z,040 Chg in AEMO DISP~44 Price change vs PD [SA] [$158.69 DISP vs $97.33 30MPD PE 15:00],A,818
2023-12-11,2023-12-11T11:38:42Z,040 Chg in AEMO DISP~45 Price change vs PD SA $151.92 DI 21:40,A,818
2023-12-11,2023-12-11T13:18:25Z,050 Chg in AEMO PD~56 Price change SA 5MPD vs PD : 23:00 - 00:00 AVG $130.06 vs 30MPD $101.44 PE 00:00,A,818
2023-12-15,2023-12-14T05:26:42Z,010 AEMO direction~10 #112324,A,820
2023-12-15,2023-12-15T04:50:38Z,010 AEMO direction~10 Notice 112381,A,820
2023-12-16,2023-12-14T20:08:19Z,00 Initial Bid,F,820
2023-12-16,2023-12-14T22:01:52Z,08:00~F~00 Initial Bid,F,820
2023-12-16,2023-12-15T04:52:12Z,010 AEMO direction~10 Notice 112381,A,820
2023-12-16,2023-12-14T20:08:19Z,00 Initial Bid,F,821
2023-12-16,2023-12-14T22:01:52Z,08:00~F~00 Initial Bid,F,821
2023-12-16,2023-12-15T04:52:12Z,010 AEMO direction~10 Notice 112381,A,821
2023-12-16,2023-12-16T00:46:58Z,010 AEMO direction~Update to direction as per Participant Notice #112400,A,821
2023-12-16,2023-12-16T05:09:46Z,010 AEMO direction~Change in unit direction as per Participant Notice #112421,A,821
2023-12-17,2023-12-16T05:11:24Z,010 AEMO direction~10 AEMO Direction as per Participant Notice #112421,A,822
2024-02-25,2024-02-24T00:20:53Z,00 Initial Bid,F,827
2024-02-25,2024-02-24T03:19:07Z,010 AEMO direction~PN# 115079,A,827
2024-02-25,2024-02-24T04:26:01Z,001 Primary Response to D+1 Predispatch~P30 Published,F,827
2024-02-25,2024-02-24T05:20:59Z,050 Chg in AEMO PD~50 PD AVAILABLEGENERATION change SA by avg. -182MW for PD 15:02 from PE 20:30 to 04:00,A,827
2024-02-25,2024-02-24T06:44:55Z,010 AEMO direction~PN# 115093,A,827
2024-02-25,2024-02-24T17:13:11Z,050 Chg in AEMO PD~56 Price increase [SA] avg $422.50 5MPD vs avg $230.10 PD PE 0330-0430,A,827
2024-02-25,2024-02-24T17:21:48Z,050 Chg in AEMO PD~56 Price increase [SA] avg $3966.50 5MPD vs $286.89 PD PE 0430,A,827
2024-02-25,2024-02-25T01:59:47Z,010 AEMO direction~PN# 115107,A,827
2024-02-26,2024-02-24T22:50:51Z,00 Initial Bid,F,827
2024-02-26,2024-02-25T02:01:42Z,010 AEMO direction~PN# 115107,A,827
2024-02-26,2024-02-25T03:25:09Z,001 Primary Response to D+1 Predispatch~P30 Published,F,827
2024-02-28,2024-02-26T23:43:20Z,09:43~F~00 Initial Bid,F,829
2024-02-28,2024-02-27T05:05:50Z,12:31~F~001 Primary Response to D+1 Predispatch~P30 Published,F,829
2024-02-28,2024-02-27T07:31:13Z,17:29~A~010 AEMO direction~115229 & 115228,A,829
2024-03-21,2024-03-20T00:31:19Z,10:30~F~00 Initial Bid,F,835
2024-03-21,2024-03-20T03:02:33Z,010 AEMO direction~PN #115717,A,835
2024-03-21,2024-03-20T05:43:14Z,050 Chg in unit operation~Updated sync profile including ramp rate,P,835
2024-03-21,2024-03-20T05:56:27Z,010 AEMO direction~PN #115722,A,835
2024-03-22,2024-03-21T00:36:41Z,10:36~F~00 Initial Bid,F,835
2024-03-22,2024-03-21T05:54:01Z,010 AEMO direction~115729 + 115728,A,835
2024-03-22,2024-03-21T08:00:08Z,010 AEMO direction~direction B2,A,835
2024-04-07,2024-04-06T01:06:27Z,11:06~F~00 Initial Bid,F,840
2024-04-07,2024-04-06T04:44:02Z,12:31~F~001 Primary Response to D+1 Predispatch,F,840
2024-04-07,2024-04-06T05:29:21Z,15:00~A~010 AEMO direction~#115990,A,840
2024-04-07,2024-04-06T09:38:59Z,010 AEMO direction~Change in AEMO Direction as per Notice #116002,A,840
2024-04-07,2024-04-06T20:03:23Z,040 Chg in AEMO DISP~45 Price change vs PD [SA] $75.25 vs $93.47 PE 0630,A,840
2024-04-07,2024-04-07T04:03:54Z,050 Chg in unit operation~swapping units due to ESV issues,P,840
2024-04-07,2024-04-07T05:18:45Z,010 AEMO direction~#116020,A,840
2024-04-08,2024-04-06T09:43:07Z,00 Initial Bid,F,840
2024-04-08,2024-04-07T01:54:31Z,11:54~F~00 Initial Bid~,F,840
2024-04-08,2024-04-07T04:47:45Z,14:47~F~001 Primary Response to D+1 Predispatch~P30 Published,F,840
2024-04-08,2024-04-07T06:52:42Z,16:51~A~010 AEMO direction~#116025 and #116026,A,840
2024-04-08,2024-04-07T06:54:55Z,16:50~A~010 AEMO direction~#116025 and #116026,A,840
2024-04-08,2024-04-07T10:04:25Z,020 AEMO market notice~Notice 116029,A,840
2024-04-08,2024-04-07T11:21:48Z,010 Unexpected/plant limits~108 load/ramp variation during RTS,P,840
2024-04-08,2024-04-06T09:43:07Z,00 Initial Bid,F,841
2024-04-08,2024-04-07T01:54:31Z,11:54~F~00 Initial Bid~,F,841
2024-04-08,2024-04-07T04:47:45Z,14:47~F~001 Primary Response to D+1 Predispatch~P30 Published,F,841
2024-04-08,2024-04-07T06:52:42Z,16:51~A~010 AEMO direction~#116025 and #116026,A,841
2024-04-08,2024-04-07T06:54:55Z,16:50~A~010 AEMO direction~#116025 and #116026,A,841
2024-04-08,2024-04-07T10:04:25Z,020 AEMO market notice~Notice 116029,A,841
2024-04-08,2024-04-07T11:21:48Z,010 Unexpected/plant limits~108 load/ramp variation during RTS,P,841
2024-04-08,2024-04-07T22:21:22Z,010 AEMO direction~direction delayed HH  #116030,A,841
2024-04-08,2024-04-08T04:04:12Z,14:03~A~010 AEMO direction~#116045,A,841
2024-04-09,2024-04-08T01:17:35Z,11:16~F~00 Initial Bid~,F,841
2024-04-09,2024-04-08T04:10:12Z,001 Primary Response to D+1 Predispatch~P30 Published,F,841
2024-04-09,2024-04-08T06:08:29Z,010 AEMO direction~PN #116049,A,841
2024-04-09,2024-04-08T07:21:00Z,050 Chg in unit operation~Updated sync profile including ramp rate,P,841
2024-04-09,2024-04-08T01:17:35Z,11:16~F~00 Initial Bid~,F,842
2024-04-09,2024-04-08T04:10:12Z,001 Primary Response to D+1 Predispatch~P30 Published,F,842
2024-04-09,2024-04-08T06:08:29Z,010 AEMO direction~PN #116049,A,842
2024-04-09,2024-04-08T07:21:00Z,050 Chg in unit operation~Updated sync profile including ramp rate,P,842
2024-04-09,2024-04-09T04:19:06Z,001 Primary Response to D+1 Predispatch~P30 Published,F,842
2024-04-09,2024-04-09T04:48:59Z,010 AEMO direction~PN #116051,A,842
2024-04-10,2024-04-08T22:41:05Z,00 Initial Bid,F,842
2024-04-10,2024-04-09T00:21:11Z,10:21~F~00 Initial Bid,F,842
2024-04-10,2024-04-09T00:22:12Z,10:22~F~00 Initial Bid,F,842
2024-04-10,2024-04-09T00:58:03Z,10:57~F~00 Initial Bid,F,842
2024-04-10,2024-04-09T04:21:54Z,001 Primary Response to D+1 Predispatch~P30 Published,F,842
2024-04-10,2024-04-09T06:01:08Z,010 AEMO direction~PN #116062,A,842
2024-04-10,2024-04-09T06:51:15Z,"050 Chg in unit operation~run-up profile per Ops, ROC 2MW/min for RTS",P,842
2024-04-19,2024-04-16T22:49:48Z,00 Initial Bid,F,844
2024-04-19,2024-04-17T22:47:24Z,08:46~F~00 Initial Bid~,F,844
2024-04-19,2024-04-18T05:15:02Z,010 AEMO direction~As Per Participant Notices #116192 (TORRB2) and #116193 (TORRB3),A,844
2024-04-19,2024-04-18T20:22:21Z,050 Chg in unit operation~Revised RTS profile including ROC-Up/ROC-Down,P,844
2024-04-20,2024-04-16T22:49:55Z,00 Initial Bid,F,844
2024-04-20,2024-04-19T05:28:52Z,010 AEMO direction~PN #116204,A,844
2024-04-20,2024-04-19T07:18:40Z,"050 Chg in unit operation~501 run-up per Ops, ROC 2MW/min for RTS",P,844
2024-04-20,2024-04-19T05:28:52Z,010 AEMO direction~PN #116204,A,845
2024-04-20,2024-04-19T07:18:40Z,"050 Chg in unit operation~501 run-up per Ops, ROC 2MW/min for RTS",P,845
2024-04-21,2024-04-20T04:13:26Z,010 AEMO direction~PN# 116215,A,845
2024-04-21,2024-04-20T04:46:43Z,050 Chg in unit operation~RTS Profile including revised ROC-Up and ROC-Down,P,845
2024-04-21,2024-04-20T04:13:26Z,010 AEMO direction~PN# 116215,A,846
2024-04-21,2024-04-20T04:46:43Z,050 Chg in unit operation~RTS Profile including revised ROC-Up and ROC-Down,P,846
2024-04-21,2024-04-20T22:32:54Z,010 AEMO direction~PN# 116222,A,846
2024-04-25,2024-04-24T05:16:24Z,010 AEMO direction~As Per Participant Notice #116314,A,849
2024-04-25,2024-04-24T06:47:22Z,050 Chg in unit operation~501 changed run up profile provided from site - Low ROC for warm start,P,849
2024-04-25,2024-04-25T05:12:20Z,12:31~F~001 Primary Response to D+1 Predispatch~P30 Published,F,849
2024-05-05,2024-05-04T01:26:36Z,00 Initial Bid,F,854
2024-05-05,2024-05-04T06:54:11Z,16:50~A~010 AEMO direction~#116471 and #116472,A,854
2024-05-05,2024-05-04T21:23:31Z,07:20~A~050 Chg in AEMO PD~56 Price increase SA $379.95 vs $151.27 5MPD vs PD 08:20,A,854
2024-05-05,2024-05-05T01:43:51Z,10:01~A~050 Chg in AEMO PD~54 PD price decrease sa $20 PE 17:30,A,854
2024-05-05,2024-05-05T04:28:49Z,14:27~A~010 AEMO direction~#116474 and #116475,A,854
2024-05-06,2024-05-05T01:46:36Z,00 Initial Bid,F,854
2024-05-06,2024-05-05T05:20:05Z,15:14~A~010 AEMO direction~#116481,A,854
2024-05-06,2024-05-05T01:46:36Z,00 Initial Bid,F,855
2024-05-06,2024-05-05T05:20:05Z,15:14~A~010 AEMO direction~#116481,A,855
2024-05-06,2024-05-06T04:13:00Z,001 Primary Response to D+1 Predispatch~P30 Published- D+0 committments,F,855
2024-05-06,2024-05-06T05:28:13Z,050 Chg in AEMO PD~14:02 - 15:02 PD DISPATCHABLEGENERATION increase [SA] [ 111MW AVG] for PE 17:30-04:00.,A,855
2024-05-07,2024-05-06T01:15:31Z,11:15~F~00 Initial Bid,F,855
2024-05-07,2024-05-06T04:16:41Z,001 Primary Response to D+1 Predispatch~P30 Published,F,855
2024-05-17,2024-05-15T00:34:50Z,00 Initial Bid,F,858
2024-05-17,2024-05-16T00:44:53Z,10:44~F~00 Initial Bid,F,858
2024-05-17,2024-05-16T03:45:45Z,001 Primary Response to D+1 Predispatch~P30 Published,F,858
2024-05-17,2024-05-16T06:08:36Z,010 AEMO direction~#116636,A,858
2024-05-17,2024-05-17T02:55:57Z,010 AEMO direction~#116643,A,858
2024-05-17,2024-05-17T04:38:17Z,010 AEMO direction~PN #116646,A,858
2024-05-18,2024-05-15T00:35:42Z,00 Initial Bid,F,858
2024-05-18,2024-05-17T01:09:53Z,11:09~F~00 Initial Bid~,F,858
2024-05-18,2024-05-17T03:51:13Z,001 Primary Response to D+1 Predispatch~P30 Published,F,858
2024-05-18,2024-05-17T04:39:42Z,010 AEMO direction~PN #116646,A,858
2024-05-26,2024-05-25T02:14:01Z,12:13~F~00 Initial Bid~,F,860
2024-05-26,2024-05-25T04:19:38Z,12:31~F~001 Primary Response to D+1 Predispatch~P30 Published,F,860
2024-05-26,2024-05-25T06:31:09Z,010 AEMO direction~Pn #116804,A,860
2024-05-26,2024-05-25T06:36:01Z,010 Unexpected/plant limits~112 redist across portfolio - TIPS direction,P,860
2024-05-26,2024-05-25T22:33:37Z,010 AEMO direction~PN #116807,A,860
2024-05-27,2024-05-26T02:06:42Z,12:05~F~00 Initial Bid~,F,860
2024-08-26,2024-08-25T00:03:09Z,00 Initial Bid,F,872
2024-08-26,2024-08-25T07:01:44Z,010 AEMO direction~AEMO Direction As Per Participant Notice #117790 & 117791 - B2 LOW ROC due to warm start,A,872
2024-08-26,2024-08-26T03:07:26Z,010 AEMO direction~10 #117811,A,872
2024-09-23,2024-09-22T05:34:37Z,010 AEMO direction~Market Notice# 118370,A,876
2024-09-23,2024-09-22T07:19:18Z,050 Chg in unit operation~Revised RTS profile including required ROC-Up and ROC-Down at 1 MW/Min,P,876
2024-09-23,2024-09-22T20:20:58Z,050 Chg in unit operation~ramp up profile and ROC update required at 1MW/min,P,876
2024-09-23,2024-09-23T01:59:42Z,040 Chg in AEMO DISP~44 Price change vs PD [SA] $5547 avg for PE16:00 - 02:00,A,876
2024-09-23,2024-09-23T04:33:42Z,050 Chg in unit operation~changed unit order,P,876
2024-09-30,2024-09-28T21:49:35Z,00 Initial Bid,F,880
2024-09-30,2024-09-29T03:39:50Z,001 Primary Response to D+1 Predispatch~P30 Published,F,880
2024-09-30,2024-09-29T05:50:12Z,010 AEMO direction~#118509,A,880
2024-09-30,2024-09-29T06:56:14Z,010 AEMO direction~#118510,A,880
2024-09-30,2024-09-29T11:19:02Z,010 Unexpected/plant limits~108 ramp variation during RTS,P,880
2024-09-30,2024-09-30T04:47:17Z,010 AEMO direction~MN 118534,A,880
2024-10-01,2024-09-29T05:54:23Z,00 Initial Bid,F,880
2024-10-01,2024-09-30T05:57:58Z,001 Primary Response to D+1 Predispatch~P30 Published,F,880
2024-10-01,2024-09-29T05:54:23Z,00 Initial Bid,F,881
2024-10-01,2024-09-30T05:57:58Z,001 Primary Response to D+1 Predispatch~P30 Published,F,881
2024-10-01,2024-10-01T04:14:06Z,010 AEMO direction~MN #118543,A,881
2024-10-01,2024-10-01T04:27:10Z,010 Unexpected/plant limits~112 redist across portfolio - TIPS directions,P,881
2024-10-02,2024-09-30T23:20:00Z,09:19~F~00 Initial Bid,F,881
2024-10-02,2024-10-01T04:08:51Z,010 AEMO direction~MN #118545,A,881
2024-10-02,2024-10-01T04:28:46Z,010 Unexpected/plant limits~112 redist across portfolio - TIPS directions,P,881
2024-10-02,2024-09-30T23:20:00Z,09:19~F~00 Initial Bid,F,882
2024-10-02,2024-10-01T04:08:51Z,010 AEMO direction~MN #118545,A,882
2024-10-02,2024-10-01T04:28:46Z,010 Unexpected/plant limits~112 redist across portfolio - TIPS directions,P,882
2024-10-02,2024-10-02T04:43:55Z,050 Chg in AEMO PD~14:32 PD RRP increase [SA] [ $47 AVG] for PE 16:00-21:00,A,882
2024-10-02,2024-10-02T05:34:53Z,010 Unexpected/plant limits~112 redist across portfolio - TORRB4 direction cancellation,P,882
2024-10-02,2024-10-02T06:01:50Z,010 AEMO direction~MN #118560,A,882
2024-10-02,2024-10-02T07:22:41Z,040 Chg in AEMO DISP~44 Price change vs PD [SA] [$93.44 DISP vs $71.49 30MPD PE 17:30],A,882
2024-10-03,2024-10-01T23:02:51Z,09:02~F~00 Initial Bid,F,882
2024-10-03,2024-10-02T06:03:21Z,010 AEMO direction~MN #118560,A,882
2023-11-12,2023-11-10T21:36:16Z,07:35~F~00 Initial Bid,F,1134
2023-11-12,2023-11-11T05:37:03Z,15:30~A~010 AEMO direction~# 111077,A,1134
2023-11-13,2023-11-11T21:01:55Z,07:01~F~00 Initial Bid,F,1134
2023-11-24,2023-11-23T06:06:44Z,010 AEMO direction~As Per Participant Notice #111628,A,1138
2023-11-24,2023-11-24T05:09:49Z,010 Unexpected/plant limits~112 redist across portfolio - TORRB3 direction,P,1138
2023-11-25,2023-11-24T05:02:30Z,010 AEMO direction~PN #111637,A,1138
2023-11-25,2023-11-24T05:12:06Z,010 Unexpected/plant limits~112 redist across portfolio - TORRB3 direction,P,1138
2023-11-25,2023-11-24T14:07:17Z,010 AEMO direction~PN# 111657,A,1138
2023-11-25,2023-11-24T05:02:30Z,010 AEMO direction~PN #111637,A,1139
2023-11-25,2023-11-24T05:12:06Z,010 Unexpected/plant limits~112 redist across portfolio - TORRB3 direction,P,1139
2023-11-25,2023-11-24T14:07:17Z,010 AEMO direction~PN# 111657,A,1139
2023-11-25,2023-11-24T20:37:56Z,"050 Chg in AEMO PD~04:31 - 06:31 PD TOTALINTERMITTENTGENERATION + SEMISCHEDULE_CLEAREDMW decrease [SA,VIC] [-241 MW AVG] for PE 08:00",A,1139
2023-11-25,2023-11-25T05:40:26Z,010 Unexpected/plant limits~112 redist across portfolio - TORRB3 direction,P,1139
2023-11-26,2023-11-25T00:27:34Z,10:26~F~00 Initial Bid~,F,1139
2023-11-26,2023-11-25T05:34:28Z,010 AEMO direction~PN #111669,A,1139
2023-11-26,2023-11-25T05:42:29Z,010 Unexpected/plant limits~112 redist across portfolio - TORRB3 direction,P,1139
2023-12-27,2023-12-25T20:53:56Z,00 Initial Bid,F,1143
2023-12-27,2023-12-26T06:00:42Z,010 AEMO direction~10 Notice 112777,A,1143
2023-12-27,2023-12-27T04:52:19Z,010 AEMO direction~PN #112816,A,1143
2023-12-27,2023-12-27T05:08:35Z,010 Unexpected/plant limits~112 redist across portfolio- TORRB3 direction,P,1143
2023-12-28,2023-12-26T22:37:17Z,08:36~F~00 Initial Bid~,F,1143
2023-12-28,2023-12-27T05:02:27Z,010 AEMO direction~PN #112819,A,1143
2023-12-28,2023-12-27T05:11:02Z,010 Unexpected/plant limits~112 redist across portfolio- TORRB3 direction,P,1143
2024-01-19,2024-01-18T03:49:10Z,12:31~F~001 Primary Response to D+1 Predispatch~P30 Published,F,1154
2024-01-19,2024-01-18T05:14:29Z,15:00~A~010 AEMO direction~#113412 #113411 #113413,A,1154
2024-01-19,2024-01-18T14:16:26Z,050 Chg in unit operation~501 run up profile + ROC per Ops,P,1154
2024-01-20,2024-01-19T06:55:53Z,16:54~A~010 AEMO direction~#113484,A,1154
2024-01-20,2024-01-19T07:18:10Z,17:15~P~010 Unexpected/plant limits~108 load/ramp variation during RTS,P,1154
2024-03-14,2024-03-11T23:48:12Z,00 Initial Bid,F,1160
2024-03-14,2024-03-13T00:57:00Z,10:56~F~00 Initial Bid,F,1160
2024-03-14,2024-03-13T03:41:01Z,001 Primary Response to D+1 Predispatch~P30 Published,F,1160
2024-03-14,2024-03-13T07:06:29Z,010 AEMO direction~115614,A,1160
2024-03-14,2024-03-13T21:17:07Z,010 AEMO direction~PN #115617,A,1160
2024-03-14,2024-03-14T03:02:22Z,010 AEMO direction~extension 24hrs #115619,A,1160
2024-03-15,2024-03-11T23:48:08Z,00 Initial Bid,F,1160
2024-03-15,2024-03-13T04:29:26Z,00 Initial Bid,F,1160
2024-03-15,2024-03-13T22:13:37Z,00 Initial Bid,F,1160
2024-03-15,2024-03-14T03:04:13Z,010 AEMO direction~115619,A,1160
2024-03-15,2024-03-14T04:47:57Z,12:31~F~001 Primary Response to D+1 Predispatch~P30 Published,F,1160
2024-03-15,2024-03-14T21:43:49Z,050 Chg in unit operation~not taking unit commerical,P,1160
2024-03-15,2024-03-14T21:53:47Z,010 AEMO direction~115628,A,1160
2024-03-16,2024-03-11T23:48:09Z,00 Initial Bid,F,1160
2024-03-16,2024-03-14T21:28:53Z,00 Initial Bid,F,1160
2024-03-16,2024-03-15T06:31:02Z,010 AEMO direction~PN #115649,A,1160
2024-03-16,2024-03-16T00:12:30Z,10:02~A~050 Chg in AEMO PD~55 PD price increase sa $126 PE 17:30,A,1160
2024-03-16,2024-03-16T06:32:33Z,15:32~A~050 Chg in AEMO PD~55 PD price increase sa $58 PE 20:00,A,1160
2024-03-16,2024-03-16T06:50:55Z,16:50~P~010 Unexpected/plant limits~112 redist across portfolio - TORRB2,P,1160
2024-03-16,2024-03-16T10:47:55Z,010 Unexpected/plant limits~High temps,P,1160
2024-04-18,2024-04-16T22:46:04Z,00 Initial Bid,F,1165
2024-04-18,2024-04-17T00:51:08Z,10:49~F~00 Initial Bid~,F,1165
2024-04-18,2024-04-17T07:03:30Z,010 AEMO direction~PN #116169,A,1165
2024-04-18,2024-04-17T21:21:08Z,050 Chg in unit operation~sync profile including updated ramp rates,P,1165
2024-04-18,2024-04-18T00:29:40Z,010 AEMO direction~PN # 116184,A,1165
2024-04-18,2024-04-18T05:10:05Z,010 AEMO direction~10 Response to AEMO Direction as per Participant Notice #116192,A,1165
2024-04-18,2024-04-18T09:20:12Z,050 Chg in AEMO PD~51 PD dispatchable generation change [mainland] avg 156MW PE 1930-2030 PD 1802-1902,A,1165
2024-04-19,2024-04-16T22:49:48Z,00 Initial Bid,F,1165
2024-04-19,2024-04-17T22:47:24Z,08:46~F~00 Initial Bid~,F,1165
2024-04-19,2024-04-18T05:15:02Z,010 AEMO direction~As Per Participant Notices #116192 (TORRB2) and #116193 (TORRB3),A,1165
2024-04-19,2024-04-16T22:49:48Z,00 Initial Bid,F,1166
2024-04-19,2024-04-17T22:47:24Z,08:46~F~00 Initial Bid~,F,1166
2024-04-19,2024-04-18T05:15:02Z,010 AEMO direction~As Per Participant Notices #116192 (TORRB2) and #116193 (TORRB3),A,1166
2024-04-19,2024-04-18T20:14:02Z,050 Chg in AEMO PD~50 PD DEMAND_AND_NONSCHEDGEN change MAINLAND by avg. -51MW for PD 06:01 from PE 06:30 to 09:30,A,1166
2024-04-19,2024-04-19T04:09:22Z,010 AEMO direction~As Per Participant Notice #116199,A,1166
2024-04-20,2024-04-16T22:49:55Z,00 Initial Bid,F,1166
2024-04-20,2024-04-19T04:11:56Z,010 AEMO direction~As Per Participant Notice #116199,A,1166
2024-05-05,2024-05-04T01:26:36Z,00 Initial Bid,F,1175
2024-05-05,2024-05-04T06:54:11Z,16:50~A~010 AEMO direction~#116471 and #116472,A,1175
2024-05-05,2024-05-04T07:23:41Z,17:20~P~010 Unexpected/plant limits~108 load/ramp variation during RTS,P,1175
2024-05-05,2024-05-05T04:28:49Z,14:27~A~010 AEMO direction~#116474 and #116475,A,1175
2024-05-05,2024-05-05T05:10:30Z,15:08~A~010 AEMO direction~#116483,A,1175
2024-05-06,2024-05-05T01:46:36Z,00 Initial Bid,F,1175
2024-07-26,2024-07-24T00:50:52Z,00 Initial Bid,F,1184
2024-07-26,2024-07-25T00:35:57Z,00 Initial Bid,F,1184
2024-07-26,2024-07-25T07:05:27Z,010 AEMO direction~#117445,A,1184
2024-07-26,2024-07-25T10:49:52Z,"050 Chg in unit operation~run-up profile per ops, 2MW/min for RTS",P,1184
2024-07-26,2024-07-25T20:47:15Z,010 AEMO direction~10 #117460,A,1184
2024-07-26,2024-07-26T02:46:44Z,010 AEMO direction~10 #117463,A,1184
2024-07-26,2024-07-26T05:43:38Z,020 Reduction in avail cap~Change in rundown profile,P,1184
2024-07-27,2024-07-24T00:50:58Z,00 Initial Bid,F,1184
2024-07-27,2024-07-26T00:36:37Z,10:36~F~00 Initial Bid,F,1184
2024-07-27,2024-07-26T06:25:27Z,010 AEMO direction~PN# 117470,A,1184
2024-07-27,2024-07-26T10:34:31Z,20:32~P~010 Unexpected/plant limits~108 load/ramp variation during RTS,P,1184
2024-07-27,2024-07-26T00:36:37Z,10:36~F~00 Initial Bid,F,1185
2024-07-27,2024-07-26T06:25:27Z,010 AEMO direction~PN# 117470,A,1185
2024-07-27,2024-07-26T10:34:31Z,20:32~P~010 Unexpected/plant limits~108 load/ramp variation during RTS,P,1185
2024-07-27,2024-07-26T21:38:28Z,010 AEMO direction~direction extended,A,1185
2024-07-28,2024-07-26T22:45:35Z,08:45~F~00 Initial Bid~,F,1185
2024-10-17,2024-10-16T06:38:17Z,010 AEMO direction~As Per Notice #118925 & #118926,A,1204
2024-10-17,2024-10-16T08:59:42Z,19:00~A~010 AEMO direction~change to direction start time #118943 and adjusted ramp rates,A,1204
2024-10-17,2024-10-16T19:28:41Z,010 AEMO direction~direction cancelled,A,1204
2024-10-17,2024-10-16T20:43:01Z,"010 AEMO direction~#118958 cancellation, new #118959 (B4) + #118961 (B3)",A,1204
2024-10-17,2024-10-17T01:45:11Z,010 AEMO direction~MN#118967 and MN#118968,A,1204
2024-10-17,2024-10-17T02:22:24Z,010 AEMO direction~direction cancelled @ 1230; staying onto safely bring off @ 1300,A,1204
2024-10-17,2024-10-16T06:38:17Z,010 AEMO direction~As Per Notice #118925 & #118926,A,1205
2024-10-17,2024-10-16T08:59:42Z,19:00~A~010 AEMO direction~change to direction start time #118943 and adjusted ramp rates,A,1205
2024-10-17,2024-10-16T19:28:41Z,010 AEMO direction~direction cancelled,A,1205
2024-10-17,2024-10-16T20:43:01Z,"010 AEMO direction~#118958 cancellation, new #118959 (B4) + #118961 (B3)",A,1205
2024-10-17,2024-10-17T01:45:11Z,010 AEMO direction~MN#118967 and MN#118968,A,1205
2024-10-17,2024-10-17T02:22:24Z,010 AEMO direction~direction cancelled @ 1230; staying onto safely bring off @ 1300,A,1205
2024-10-22,2024-10-21T06:06:54Z,010 AEMO direction~#119149 and #119150,A,1207
2024-10-24,2024-10-23T00:09:04Z,10:08~F~00 Initial Bid,F,1209
2024-10-24,2024-10-23T06:03:55Z,010 AEMO direction~119240 + 119237,A,1209
2024-10-24,2024-10-23T12:30:08Z,010 AEMO direction~MN #119265,A,1209
2024-10-24,2024-10-23T12:51:59Z,050 Chg in unit operation~Updated ramp profile,P,1209
2024-10-25,2024-10-23T23:47:45Z,00 Initial Bid,F,1209
2024-10-25,2024-10-24T04:27:18Z,001 Primary Response to D+1 Predispatch~P30 Published,F,1209
2024-10-25,2024-10-24T06:06:46Z,010 AEMO direction~Updated AEMO Direction as per notices for B4 #119334 and B3 #119336,A,1209
2024-10-25,2024-10-24T06:44:06Z,010 AEMO direction~As Per Notice #119336,A,1209
2024-11-15,2024-11-12T23:14:56Z,00 Initial Bid,F,1217
2024-11-15,2024-11-13T21:27:18Z,07:27~F~00 Initial Bid,F,1217
2024-11-15,2024-11-13T23:47:57Z,09:47~F~00 Initial Bid,F,1217
2024-11-15,2024-11-13T23:52:53Z,09:52~F~00 Initial Bid,F,1217
2024-11-15,2024-11-14T04:02:51Z,14:00~P~010 Unexpected/plant limits~112 redist across portfolio - LYA3,P,1217
2024-11-15,2024-11-14T06:03:53Z,16:00~A~010 AEMO direction~#120432,A,1217
2024-11-15,2024-11-14T19:15:42Z,050 Chg in AEMO PD~AVAILABLEGENERATION change MAINLAND by 147 MW in 05:00 30MPD from PE 05:30,A,1217
2024-11-15,2024-11-15T04:49:53Z,010 AEMO direction~PN#120500,A,1217
2024-11-15,2024-11-15T10:54:54Z,20:32~A~050 Chg in AEMO PD~54 PD price decrease sa $16 PE 00:00,A,1217
2023-10-29,2023-10-28T06:03:00Z,010 AEMO direction~110573,A,1420
2023-10-29,2023-10-29T06:10:41Z,010 AEMO direction~110588,A,1420
2023-10-29,2023-10-29T08:08:13Z,010 AEMO direction~#110591,A,1420
2023-11-02,2023-11-01T00:02:05Z,10:01~F~00 Initial Bid~,F,1423
2023-11-02,2023-11-01T06:02:03Z,010 AEMO direction~Per Participant Notice #110669,A,1423
2023-11-02,2023-11-01T12:17:24Z,010 AEMO direction~Notice 110672,A,1423
2023-11-02,2023-11-01T18:22:02Z,050 Chg in AEMO PD~54 PD price change [SA] [$152.75] for 5mPE 0500 Vs 30MPD,A,1423
2023-11-02,2023-11-01T19:17:04Z,050 Chg in AEMO PD~56 Price increase SA 5MPD vs PD : 05:30 - 06:00 AVG $151.82 vs 30MPD $135.49 PE 06:00,A,1423
2023-11-02,2023-11-01T19:24:00Z,050 Chg in AEMO PD~55 PD price change SA AVG +$199 17:00  - 22:00 IN THE 30MPD 04:01,A,1423
2023-11-02,2023-11-02T04:41:17Z,14:24~A~010 AEMO direction~#110681,A,1423
2023-11-02,2023-11-02T14:23:58Z,010 Unexpected/plant limits~112 redist across portfolio- LYA3,P,1423
2023-11-03,2023-11-02T00:31:19Z,00 Initial Bid,F,1423
2023-11-03,2023-11-02T04:41:20Z,14:24~A~010 AEMO direction~#110681,A,1423
2023-11-19,2023-11-18T05:04:31Z,010 AEMO direction~10 Notice 111487,A,1428
2023-11-19,2023-11-19T03:10:49Z,001 Primary Response to D+1 Predispatch~P30 Published,F,1428
2023-11-24,2023-11-23T06:10:34Z,010 AEMO direction~As Per Participant Notice #111627,A,1431
2023-11-24,2023-11-23T10:51:29Z,010 Unexpected/plant limits~108 load/ramp variation during RTS - RAMP RATE - As per Ops,P,1431
2023-11-29,2023-11-27T22:37:59Z,00 Initial Bid,F,1432
2023-11-29,2023-11-28T05:34:40Z,010 AEMO direction~10 Notice 111801 111802,A,1432
2023-11-29,2023-11-28T11:54:36Z,050 Chg in unit operation~501 changed run up profile provided by site: low ROC for run up,P,1432
2023-11-30,2023-11-28T20:25:14Z,06:24~F~00 Initial Bid,F,1432
2023-11-30,2023-11-29T07:00:15Z,010 AEMO direction~PN# 111849,A,1432
2023-11-30,2023-11-29T13:20:52Z,050 Chg in unit operation~501 run up profile provided by site: Low ROC for run up,P,1432
2023-11-30,2023-11-28T20:25:14Z,06:24~F~00 Initial Bid,F,1433
2023-11-30,2023-11-29T07:00:15Z,010 AEMO direction~PN# 111849,A,1433
2023-11-30,2023-11-29T13:20:52Z,050 Chg in unit operation~501 run up profile provided by site: Low ROC for run up,P,1433
2023-11-30,2023-11-30T04:14:34Z,010 AEMO direction~#111880,A,1433
2023-11-30,2023-11-30T04:34:17Z,010 AEMO direction~#111881,A,1433
2023-12-01,2023-11-29T19:47:58Z,05:47~F~00 Initial Bid,F,1433
2023-12-01,2023-11-30T04:35:57Z,010 AEMO direction~#111881,A,1433
2023-12-02,2023-12-01T03:42:34Z,010 AEMO direction~PN #111899,A,1433
2023-12-02,2023-12-02T06:05:21Z,010 Unexpected/plant limits~112 redist across portfolio- TORRB4 Direction,P,1433
2023-12-03,2023-12-01T22:39:02Z,00 Initial Bid,F,1433
2023-12-03,2023-12-02T06:02:59Z,010 AEMO direction~PN #111933,A,1433
2023-12-03,2023-12-02T06:07:00Z,010 Unexpected/plant limits~112 redist across portfolio- TORRB4 direction,P,1433
2023-12-03,2023-12-01T22:39:02Z,00 Initial Bid,F,1434
2023-12-03,2023-12-02T06:02:59Z,010 AEMO direction~PN #111933,A,1434
2023-12-03,2023-12-02T06:07:00Z,010 Unexpected/plant limits~112 redist across portfolio- TORRB4 direction,P,1434
2023-12-03,2023-12-03T03:53:38Z,010 AEMO direction~PN #111961,A,1434
2023-12-03,2023-12-03T05:01:04Z,010 AEMO direction~PN #111955,A,1434
2023-12-03,2023-12-03T05:06:53Z,010 Unexpected/plant limits~112 redist across portfolio- TORRB4 direction,P,1434
2023-12-03,2023-12-03T09:02:31Z,010 Unexpected/plant limits~112 redist across portfolio - LYA3,P,1434
2023-12-03,2023-12-03T09:23:57Z,"050 Chg in AEMO PD~50 PD AVAILABLEGENERATION change 'SA1','VIC1','NSW1' by avg. -180MW for PD 19:02 from PE 19:30 to 21:30",A,1434
2023-12-04,2023-12-02T21:45:17Z,00 Initial Bid,F,1434
2023-12-04,2023-12-03T05:02:14Z,010 AEMO direction~PN #111955,A,1434
2023-12-06,2023-12-05T06:29:54Z,010 AEMO direction~10 Notice 112013,A,1436
2023-12-06,2023-12-05T19:02:57Z,050 Chg in AEMO PD~56 Price increase SA 5MPD vs PD : 05:30 - 06:00 AVG $144.83 vs 30MPD $111.02 PE 06:00,A,1436
2023-12-07,2023-12-05T22:34:36Z,00 Initial Bid,F,1436
2023-12-07,2023-12-06T06:08:30Z,010 AEMO direction~10 #112032,A,1436
2023-12-07,2023-12-06T10:11:25Z,050 Chg in unit operation~runup profile,P,1436
2024-02-23,2024-02-22T00:48:12Z,00 Initial Bid,F,1445
2024-02-23,2024-02-22T05:59:19Z,010 AEMO direction~PN #114962,A,1445
2024-02-23,2024-02-22T23:43:38Z,010 AEMO direction~AEMO Direction ended Notice 115014,A,1445
2024-02-28,2024-02-26T23:43:20Z,09:43~F~00 Initial Bid,F,1446
2024-02-28,2024-02-27T05:05:50Z,12:31~F~001 Primary Response to D+1 Predispatch~P30 Published,F,1446
2024-02-28,2024-02-27T07:31:13Z,17:29~A~010 AEMO direction~115229 & 115228,A,1446
2024-02-28,2024-02-27T07:49:40Z,080 Chg in pipeline cond~min gas flows on SEAgas,P,1446
2024-02-28,2024-02-27T23:38:37Z,020 Reduction in avail cap~Pilot Oil Pressure Limit,P,1446
2024-02-28,2024-02-28T04:52:21Z,001 Primary Response to D+1 Predispatch~P30 Published,F,1446
2024-02-28,2024-02-28T12:20:21Z,22:02~A~050 Chg in AEMO PD~55 PD price increase sa average $32 01:00 - 04:00,A,1446
2024-06-12,2024-06-10T21:25:02Z,07:24~F~00 Initial Bid,F,1450
2024-06-12,2024-06-11T06:09:02Z,010 AEMO direction~PN #116946,A,1450
2024-06-12,2024-06-11T06:34:47Z,050 Chg in AEMO PD~16:02 PD AVAILABLEGENERATION increase [SA] [ 262MW AVG] for PE 05:00-04:00,A,1450
2024-06-12,2024-06-11T11:54:37Z,050 Chg in AEMO PD~51 PD 2131 AVAILGEN change [SA] [AVG -225MW PE 0930-1200],A,1450
2024-06-12,2024-06-12T00:25:50Z,040 Chg in AEMO DISP~Price decrease [SA] 5MD $8.97 for DI ending 10:25 vs 30MPD $138 for PE 10:30.,A,1450
2024-06-26,2024-06-25T01:35:09Z,00 Initial Bid,F,1452
2024-06-26,2024-06-25T04:05:46Z,001 Primary Response to D+1 Predispatch~P30 Published,F,1452
2024-06-26,2024-06-25T07:06:58Z,010 AEMO direction~#117152 #117153,A,1452
2024-06-26,2024-06-25T10:17:37Z,010 Unexpected/plant limits~101 Avoid shutdown during HO,P,1452
2024-08-01,2024-07-30T23:58:26Z,00 Initial Bid,F,1461
2024-08-01,2024-07-31T02:23:54Z,00 Initial Bid,F,1461
2024-08-01,2024-07-31T04:00:20Z,12:30~F~001 Primary Response to D+1 Predispatch,F,1461
2024-08-01,2024-07-31T07:08:15Z,17:01~A~010 AEMO direction~#117516,A,1461
2024-08-01,2024-07-31T23:24:26Z,09:01~A~050 Chg in AEMO PD~54 PD price increase sa average $3146 17:30 - 20:30,A,1461
2024-09-29,2024-09-28T06:59:26Z,010 AEMO direction~#118504 #118505,A,1473
2024-09-29,2024-09-29T05:47:37Z,010 AEMO direction~#118508 #118509,A,1473
2024-09-27,2024-09-26T00:44:30Z,00 Initial Bid,F,1473
2024-09-27,2024-09-26T07:34:43Z,17:00~A~010 AEMO direction~#118457,A,1473
2024-09-27,2024-09-26T07:58:26Z,010 Unexpected/plant limits~108 load/ramp variation during RTS,P,1473
2024-09-27,2024-09-27T04:34:54Z,010 AEMO direction~10 #118477,A,1473
2024-09-27,2024-09-27T04:57:10Z,010 AEMO direction~10 Direction changes,A,1473
2024-09-27,2024-09-27T05:06:08Z,010 AEMO direction~MN#118480,A,1473
2024-09-28,2024-09-26T21:52:09Z,00 Initial Bid,F,1473
2024-09-28,2024-09-27T04:36:47Z,010 AEMO direction~#118477,A,1473
2024-10-11,2024-10-10T05:05:05Z,010 AEMO direction~PN #118751,A,1477
2024-10-11,2024-10-10T05:45:50Z,010 AEMO direction~PN #118752 and #118753,A,1477
2024-10-11,2024-10-10T07:12:03Z,010 Unexpected/plant limits~112 redist across portfolio- LYA2,P,1477
2024-10-11,2024-10-10T09:26:08Z,010 AEMO direction~MN #118767 (update from MN #118753),A,1477
2024-10-11,2024-10-11T05:55:49Z,010 AEMO direction~10 #118772,A,1477
2024-10-11,2024-10-11T11:16:44Z,050 Chg in AEMO PD~56 Price decrease SA 5MPD vs PD : 21:30 - 22:00 AVG $47.79 vs 30MPD $65.27 PE 22:00,A,1477
2024-10-12,2024-10-10T23:35:42Z,00 Initial Bid,F,1477
2024-10-12,2024-10-11T05:57:34Z,010 AEMO direction~10 #118772,A,1477
2024-11-04,2024-11-03T00:29:05Z,00 Initial Bid,F,1485
2024-11-04,2024-11-03T04:12:05Z,001 Primary Response to D+1 Predispatch~P30 Published,F,1485
2024-11-04,2024-11-03T05:23:51Z,010 AEMO direction~PN #119832,A,1485
2024-11-04,2024-11-03T05:58:59Z,"050 Chg in unit operation~run-up profile, 1MW/min for RTS",P,1485
2024-11-04,2024-11-03T11:20:53Z,010 AEMO direction~MN# 119835,A,1485
2024-11-04,2024-11-03T22:01:56Z,010 AEMO direction~PN #119847 & PN #119848,A,1485
2024-11-05,2024-11-03T05:30:15Z,00 Initial Bid,F,1485
2024-11-05,2024-11-03T22:40:38Z,00 Initial Bid,F,1485
2024-11-05,2024-11-04T00:02:26Z,00 Initial Bid,F,1485
2024-11-05,2024-11-04T06:34:07Z,16:30~A~010 AEMO direction~#119878,A,1485
2024-11-06,2024-11-03T21:55:01Z,00 Initial Bid,F,1486
2024-11-06,2024-11-04T23:13:46Z,00 Initial Bid,F,1486
2024-11-06,2024-11-05T03:14:11Z,12:30~F~001 Primary Response to D+1 Predispatch,F,1486
2024-11-06,2024-11-05T05:40:37Z,010 AEMO direction~10 TIPS Direction notice 119921 119922 and switch unit coming offline,A,1486
2024-11-06,2024-11-05T05:53:01Z,010 AEMO direction~10 updated B4 direction,A,1486
2024-11-07,2024-11-05T03:25:57Z,00 Initial Bid,F,1486
2024-11-07,2024-11-05T20:29:11Z,06:28~F~00 Initial Bid,F,1486
2024-11-07,2024-11-05T23:59:02Z,00 Initial Bid,F,1486
2024-11-07,2024-11-06T06:08:51Z,010 AEMO direction~#120014,A,1486
2024-11-07,2024-11-06T11:55:49Z,050 Chg in unit operation~runup profile,P,1486
2024-11-14,2024-11-12T04:39:40Z,00 Initial Bid,F,1490
2024-11-14,2024-11-12T23:10:39Z,00 Initial Bid,F,1490
2024-11-14,2024-11-12T23:53:27Z,00 Initial Bid,F,1490
2024-11-14,2024-11-13T03:33:40Z,001 Primary Response to D+1 Predispatch~P30 Published,F,1490
2024-11-14,2024-11-13T06:13:11Z,16:00~A~010 AEMO direction~#120377,A,1490
2024-11-14,2024-11-13T07:45:10Z,010 AEMO direction~#120381,A,1490
2024-11-14,2024-11-13T23:59:45Z,010 AEMO direction~#120412,A,1490
2024-11-15,2024-11-12T04:40:36Z,00 Initial Bid,F,1490
2024-11-15,2024-11-12T23:14:56Z,00 Initial Bid,F,1490
